"","votemail1a","votemail1b","votecount","vote20jb"
"1",4,77,4,1
"2",5,77,3,1
"3",4,77,3,4
"4",6,77,3,1
"5",1,77,3,2
"6",1,77,4,1
"7",4,77,3,2
"8",7,77,3,4
"9",2,77,4,2
"10",1,77,3,2
"11",1,77,4,2
"12",2,77,4,2
"13",4,77,3,1
"14",1,77,3,2
"15",1,77,3,2
"16",4,77,3,3
"17",2,77,4,2
"18",2,77,3,2
"19",1,77,3,1
"20",3,77,4,2
"21",2,77,2,1
"22",4,77,4,2
"23",1,77,5,2
"24",4,77,3,2
"25",2,77,2,2
"26",1,77,3,2
"27",1,77,3,2
"28",2,77,4,2
"29",1,77,4,2
"30",5,77,3,1
"31",3,77,4,1
"32",1,77,5,2
"33",1,77,5,1
"34",1,77,5,1
"35",1,77,5,1
"36",1,77,4,1
"37",1,77,4,2
"38",6,77,3,1
"39",5,77,2,2
"40",5,77,3,3
"41",3,77,3,2
"42",1,77,4,1
"43",7,77,2,1
"44",4,77,5,2
"45",4,77,3,2
"46",7,77,3,1
"47",3,77,3,1
"48",4,77,2,1
"49",2,77,5,1
"50",2,77,5,2
"51",1,77,4,2
"52",1,77,5,1
"53",1,77,5,1
"54",7,77,1,4
"55",3,77,3,2
"56",3,77,3,3
"57",1,77,5,1
"58",3,77,4,2
"59",2,77,4,1
"60",4,77,2,2
"61",4,77,1,1
"62",1,77,1,2
"63",2,77,4,1
"64",1,77,5,2
"65",7,77,3,1
"66",4,77,2,1
"67",5,77,3,2
"68",1,77,5,2
"69",4,77,5,3
"70",2,77,5,1
"71",4,77,3,2
"72",1,77,3,2
"73",4,77,4,4
"74",2,77,3,2
"75",7,77,3,1
"76",1,77,2,2
"77",2,77,2,2
"78",7,77,2,4
"79",7,77,1,4
"80",4,77,3,4
"81",1,77,2,2
"82",2,77,5,3
"83",7,77,5,1
"84",1,77,1,1
"85",5,77,2,1
"86",6,77,4,1
"87",1,77,4,1
"88",1,77,4,2
"89",2,77,4,1
"90",4,77,3,2
"91",5,77,2,2
"92",2,77,3,3
"93",1,77,4,2
"94",1,77,4,2
"95",4,77,3,4
"96",7,77,5,1
"97",3,77,4,2
"98",7,77,1,1
"99",1,77,4,2
"100",4,77,3,4
"101",1,77,1,2
"102",3,77,3,1
"103",3,77,4,1
"104",3,77,3,2
"105",3,77,2,2
"106",1,77,5,1
"107",7,77,1,1
"108",4,77,3,1
"109",1,77,4,2
"110",2,77,2,1
"111",2,77,5,2
"112",1,77,3,3
"113",7,77,3,2
"114",7,77,1,2
"115",1,77,5,2
"116",7,77,4,1
"117",1,77,5,2
"118",4,77,3,3
"119",7,77,3,1
"120",1,77,4,4
"121",2,77,5,1
"122",2,77,2,3
"123",1,77,3,2
"124",1,77,5,1
"125",1,77,4,2
"126",2,77,3,1
"127",1,77,3,2
"128",4,77,3,2
"129",6,77,5,4
"130",2,77,4,2
"131",5,77,4,1
"132",5,77,2,3
"133",4,77,2,1
"134",7,77,5,1
"135",7,77,4,1
"136",1,77,4,4
"137",5,77,3,1
"138",7,77,2,1
"139",4,77,2,4
"140",1,77,5,2
"141",4,77,3,1
"142",7,77,3,1
"143",1,77,4,2
"144",1,77,3,2
"145",1,77,5,1
"146",4,77,3,4
"147",2,77,4,1
"148",1,77,5,1
"149",5,77,1,2
"150",2,77,4,1
"151",3,77,3,1
"152",3,77,3,4
"153",7,77,1,1
"154",7,77,4,1
"155",2,77,3,2
"156",1,77,3,2
"157",2,77,3,1
"158",7,77,2,1
"159",2,77,5,1
"160",1,77,3,2
"161",2,77,4,1
"162",4,77,2,4
"163",2,77,3,1
"164",5,77,3,2
"165",1,77,4,2
"166",3,77,3,2
"167",4,77,4,2
"168",1,77,5,2
"169",2,77,3,2
"170",7,77,3,1
"171",2,77,4,2
"172",2,77,1,1
"173",4,77,4,2
"174",7,77,3,1
"175",6,77,4,1
"176",4,77,4,4
"177",7,77,2,3
"178",2,77,4,3
"179",1,77,3,3
"180",3,77,4,2
"181",7,77,4,1
"182",3,77,3,2
"183",1,77,1,4
"184",2,77,4,1
"185",1,77,1,1
"186",5,77,2,1
"187",1,77,4,1
"188",2,77,5,1
"189",2,77,3,2
"190",7,77,4,1
"191",5,77,3,1
"192",7,77,3,1
"193",6,77,3,2
"194",5,77,4,3
"195",7,77,1,1
"196",1,77,5,1
"197",1,77,5,2
"198",3,77,5,1
"199",2,77,4,2
"200",1,77,4,2
"201",3,77,3,2
"202",1,77,3,3
"203",3,77,4,1
"204",1,77,2,2
"205",1,77,2,1
"206",7,77,4,1
"207",1,77,5,1
"208",1,77,5,1
"209",4,77,2,3
"210",1,77,3,2
"211",1,77,5,2
"212",1,77,4,2
"213",1,77,5,3
"214",2,77,3,1
"215",3,77,4,2
"216",3,77,3,1
"217",2,77,3,1
"218",1,77,4,2
"219",1,77,5,2
"220",2,77,3,2
"221",4,77,3,2
"222",1,77,2,2
"223",7,77,5,1
"224",4,77,2,2
"225",4,77,5,1
"226",2,77,3,2
"227",6,77,3,1
"228",1,77,5,4
"229",7,77,3,1
"230",2,77,2,2
"231",2,77,4,4
"232",7,77,4,1
"233",6,77,5,1
"234",4,77,3,2
"235",1,77,5,2
"236",1,77,1,1
"237",1,77,5,2
"238",6,77,2,3
"239",1,77,4,2
"240",4,77,3,1
"241",4,77,1,4
"242",7,77,2,1
"243",1,77,2,2
"244",2,77,4,4
"245",2,77,5,2
"246",4,77,1,2
"247",1,77,5,1
"248",1,77,3,2
"249",2,77,2,2
"250",3,77,3,2
"251",1,77,4,1
"252",1,77,4,3
"253",2,77,5,1
"254",7,77,2,1
"255",2,77,3,2
"256",1,77,4,2
"257",3,77,3,2
"258",4,77,4,2
"259",1,77,4,2
"260",2,77,2,2
"261",7,77,4,1
"262",1,77,4,1
"263",6,77,3,1
"264",6,77,3,1
"265",2,77,4,3
"266",1,77,4,2
"267",4,77,3,1
"268",1,77,4,1
"269",5,77,3,2
"270",2,77,2,2
"271",2,77,3,2
"272",1,77,4,2
"273",6,77,4,1
"274",3,77,5,1
"275",3,77,4,3
"276",1,77,5,1
"277",4,77,3,4
"278",1,77,1,2
"279",1,77,4,1
"280",3,77,4,2
"281",4,77,3,1
"282",2,77,4,2
"283",4,77,4,3
"284",3,77,4,2
"285",1,77,4,2
"286",4,77,4,2
"287",7,77,3,1
"288",1,77,5,2
"289",4,77,5,3
"290",2,77,3,3
"291",6,77,2,1
"292",5,77,4,3
"293",3,77,3,2
"294",1,77,4,2
"295",2,77,2,2
"296",4,77,3,2
"297",3,77,2,2
"298",1,77,5,2
"299",1,77,3,1
"300",1,77,3,1
"301",2,77,1,2
"302",1,77,5,2
"303",4,77,3,1
"304",1,77,3,1
"305",1,77,5,1
"306",6,77,4,1
"307",1,77,1,2
"308",4,77,2,4
"309",7,77,3,1
"310",4,77,2,4
"311",7,77,1,1
"312",1,77,2,2
"313",7,77,3,1
"314",4,77,3,3
"315",1,77,4,2
"316",1,77,5,2
"317",1,77,4,2
"318",3,77,4,2
"319",5,77,2,1
"320",4,77,3,1
"321",2,77,4,2
"322",2,77,3,2
"323",4,77,5,1
"324",2,77,3,1
"325",1,77,3,3
"326",1,77,5,1
"327",1,77,3,3
"328",1,77,5,1
"329",2,77,2,2
"330",1,77,4,3
"331",1,77,4,2
"332",7,77,4,1
"333",7,77,4,1
"334",1,77,4,1
"335",3,77,5,3
"336",3,77,4,3
"337",1,77,4,1
"338",7,77,2,1
"339",1,77,4,3
"340",1,77,4,2
"341",1,77,1,3
"342",7,77,3,1
"343",1,77,5,2
"344",4,77,3,3
"345",2,77,2,2
"346",1,77,5,1
"347",1,77,4,2
"348",3,77,3,1
"349",4,77,3,1
"350",2,77,3,3
"351",4,77,3,2
"352",7,77,3,1
"353",1,77,4,1
"354",7,77,5,1
"355",2,77,3,2
"356",1,77,4,2
"357",1,77,2,2
"358",1,77,4,2
"359",7,77,2,2
"360",4,77,4,2
"361",3,77,3,2
"362",7,77,3,1
"363",7,77,3,1
"364",7,77,3,1
"365",1,77,1,2
"366",1,77,3,1
"367",1,77,2,2
"368",4,77,3,1
"369",7,77,3,1
"370",1,77,3,2
"371",4,77,4,1
"372",1,77,5,2
"373",1,77,4,4
"374",6,77,2,2
"375",2,77,4,1
"376",7,77,5,1
"377",2,77,3,3
"378",2,77,2,2
"379",2,77,3,2
"380",3,77,3,2
"381",1,77,1,1
"382",1,77,5,2
"383",2,77,3,2
"384",2,77,4,2
"385",1,77,5,2
"386",7,77,3,1
"387",2,77,4,2
"388",2,77,2,3
"389",2,77,3,2
"390",1,77,5,1
"391",3,77,3,2
"392",1,77,3,2
"393",4,77,4,1
"394",3,77,3,3
"395",1,77,3,1
"396",4,77,2,2
"397",2,77,1,3
"398",7,77,3,1
"399",1,77,3,2
"400",7,77,1,4
"401",2,77,4,1
"402",1,77,3,4
"403",1,77,4,1
"404",1,77,4,2
"405",2,77,3,1
"406",1,77,5,1
"407",1,77,4,2
"408",7,77,3,1
"409",1,77,3,2
"410",3,77,3,1
"411",2,77,4,2
"412",1,77,3,1
"413",1,77,4,3
"414",7,77,5,2
"415",6,77,3,1
"416",1,77,4,4
"417",3,77,3,3
"418",1,77,5,2
"419",7,77,3,1
"420",4,77,3,1
"421",4,77,2,4
"422",3,77,3,1
"423",5,77,4,1
"424",7,77,3,1
"425",1,77,3,2
"426",7,77,3,1
"427",6,77,2,1
"428",1,77,3,3
"429",4,77,3,4
"430",4,77,4,2
"431",6,77,4,2
"432",3,77,2,1
"433",3,77,2,2
"434",4,77,3,4
"435",1,77,4,2
"436",1,77,2,1
"437",3,77,4,1
"438",4,77,4,2
"439",4,77,3,4
"440",2,77,4,2
"441",2,77,3,1
"442",1,77,2,2
"443",1,77,1,2
"444",7,77,2,1
"445",1,77,4,3
"446",1,77,2,2
"447",5,77,3,3
"448",5,77,3,2
"449",3,77,4,3
"450",7,77,5,2
"451",1,77,3,1
"452",2,77,2,3
"453",4,77,3,2
"454",1,77,3,2
"455",1,77,2,2
"456",4,77,1,1
"457",1,77,3,1
"458",2,77,4,2
"459",5,77,2,1
"460",2,77,3,2
"461",7,77,1,2
"462",1,77,5,1
"463",2,77,2,1
"464",1,77,3,2
"465",1,77,5,1
"466",6,77,4,2
"467",4,77,2,1
"468",5,77,4,1
"469",7,77,5,1
"470",1,77,5,1
"471",7,77,1,4
"472",7,77,1,1
"473",1,77,2,1
"474",1,77,5,2
"475",3,77,2,2
"476",1,77,5,1
"477",4,77,4,2
"478",1,77,4,2
"479",2,77,4,2
"480",1,77,3,2
"481",2,77,4,3
"482",1,77,3,2
"483",4,77,3,3
"484",4,77,3,1
"485",1,77,3,3
"486",1,77,4,1
"487",2,77,4,2
"488",5,77,3,1
"489",3,77,3,2
"490",1,77,1,3
"491",1,77,4,1
"492",4,77,1,2
"493",4,77,3,2
"494",4,77,2,3
"495",7,77,2,1
"496",1,77,5,2
"497",2,77,4,1
"498",2,77,4,2
"499",1,77,3,2
"500",2,77,4,2
"501",2,77,4,4
"502",1,77,3,1
"503",5,77,5,1
"504",1,77,2,3
"505",4,77,1,4
"506",4,77,3,1
"507",7,77,3,1
"508",5,77,3,2
"509",6,77,4,1
"510",4,77,2,3
"511",5,77,1,4
"512",2,77,3,1
"513",5,77,3,1
"514",2,77,2,2
"515",2,77,4,2
"516",2,77,2,2
"517",2,77,2,2
"518",1,77,2,3
"519",1,77,3,2
"520",5,77,2,2
"521",1,77,3,1
"522",4,77,3,2
"523",7,77,1,1
"524",5,77,1,3
"525",1,77,4,2
"526",4,77,4,2
"527",3,77,3,2
"528",4,77,3,2
"529",4,77,3,1
"530",1,77,3,2
"531",1,77,3,2
"532",4,77,5,4
"533",1,77,5,2
"534",1,77,2,3
"535",1,77,4,2
"536",1,77,4,2
"537",2,77,3,2
"538",4,77,3,3
"539",1,77,4,2
"540",2,77,4,3
"541",2,77,3,3
"542",2,77,4,2
"543",1,77,4,3
"544",1,77,3,2
"545",1,77,5,2
"546",2,77,5,2
"547",1,77,4,2
"548",2,77,4,2
"549",1,77,4,2
"550",1,77,1,2
"551",1,77,4,2
"552",1,77,3,2
"553",1,77,1,2
"554",4,77,2,2
"555",1,77,4,2
"556",1,77,5,1
"557",4,77,2,2
"558",5,77,4,1
"559",4,77,3,2
"560",1,77,5,2
"561",6,77,5,2
"562",1,77,1,2
"563",2,77,4,1
"564",4,77,3,2
"565",1,77,4,1
"566",2,77,3,2
"567",7,77,3,1
"568",7,77,2,1
"569",2,77,5,1
"570",7,77,4,1
"571",2,77,2,2
"572",2,77,4,2
"573",1,77,4,2
"574",4,77,1,4
"575",7,77,3,1
"576",1,77,5,2
"577",2,77,3,4
"578",4,77,3,4
"579",2,77,4,1
"580",1,77,2,3
"581",6,77,5,1
"582",1,77,5,2
"583",1,77,5,2
"584",1,77,3,4
"585",1,77,3,1
"586",1,77,5,2
"587",6,77,4,1
"588",2,77,4,1
"589",3,77,4,1
"590",4,77,4,4
"591",1,77,4,2
"592",6,77,1,1
"593",1,77,2,2
"594",4,77,2,1
"595",4,77,3,1
"596",7,77,3,1
"597",4,77,3,3
"598",1,77,2,1
"599",1,77,2,3
"600",4,77,5,1
"601",2,77,3,1
"602",1,77,1,1
"603",2,77,4,2
"604",1,77,4,1
"605",5,77,4,2
"606",2,77,4,2
"607",7,77,3,1
"608",2,77,1,2
"609",2,77,3,1
"610",3,77,3,1
"611",4,77,3,4
"612",7,77,3,3
"613",3,77,3,1
"614",2,77,3,2
"615",4,77,3,1
"616",1,77,5,1
"617",4,77,3,4
"618",2,77,4,2
"619",7,77,2,1
"620",3,77,4,2
"621",2,77,4,1
"622",5,77,4,1
"623",2,77,5,2
"624",7,77,2,1
"625",1,77,5,1
"626",4,77,2,1
"627",1,77,1,2
"628",4,77,3,1
"629",4,77,3,1
"630",3,77,3,4
"631",6,77,3,1
"632",3,77,4,3
"633",1,77,5,1
"634",4,77,3,1
"635",5,77,4,1
"636",1,77,2,3
"637",1,77,3,2
"638",2,77,3,2
"639",7,77,3,1
"640",5,77,3,1
"641",1,77,4,2
"642",1,77,5,2
"643",2,77,3,2
"644",2,77,3,2
"645",6,77,4,1
"646",2,77,4,2
"647",4,77,3,4
"648",1,77,5,1
"649",1,77,2,2
"650",3,77,3,1
"651",1,77,5,2
"652",1,77,2,2
"653",1,77,4,2
"654",1,77,4,1
"655",4,77,4,1
"656",7,77,1,1
"657",1,77,1,1
"658",2,77,4,2
"659",2,77,3,2
"660",2,77,4,1
"661",2,77,3,1
"662",1,77,2,2
"663",4,77,4,3
"664",7,77,1,1
"665",7,77,2,1
"666",4,77,3,1
"667",2,77,3,1
"668",3,77,3,4
"669",1,77,4,4
"670",2,77,4,2
"671",5,77,3,1
"672",4,77,4,2
"673",6,77,4,1
"674",5,77,3,1
"675",1,77,3,1
"676",4,77,4,4
"677",3,77,3,1
"678",1,77,4,2
"679",4,77,2,4
"680",3,77,3,1
"681",7,77,3,1
"682",1,77,5,1
"683",4,77,4,4
"684",3,77,3,3
"685",1,77,3,2
"686",1,77,5,1
"687",1,77,3,2
"688",2,77,4,2
"689",3,77,3,2
"690",6,77,4,1
"691",1,77,5,1
"692",3,77,4,1
"693",1,77,4,2
"694",1,77,4,3
"695",4,77,3,1
"696",6,77,4,1
"697",4,77,2,1
"698",7,77,2,1
"699",1,77,3,1
"700",3,77,2,2
"701",1,77,4,2
"702",3,77,4,2
"703",3,77,2,2
"704",6,77,2,4
"705",2,77,5,2
"706",1,77,5,2
"707",7,77,2,1
"708",4,77,3,2
"709",4,77,4,4
"710",7,77,3,2
"711",3,77,3,2
"712",2,77,4,2
"713",7,77,1,1
"714",1,77,5,2
"715",2,77,4,2
"716",3,77,3,2
"717",4,77,2,2
"718",2,77,5,3
"719",4,77,1,1
"720",2,77,4,2
"721",1,77,5,1
"722",5,77,4,1
"723",2,77,2,2
"724",1,77,3,2
"725",7,77,4,1
"726",1,77,4,1
"727",7,77,1,4
"728",4,77,4,3
"729",4,77,3,4
"730",1,77,4,1
"731",7,77,4,1
"732",2,77,4,2
"733",4,77,3,1
"734",1,77,4,2
"735",5,77,4,1
"736",1,77,3,2
"737",6,77,3,2
"738",4,77,5,2
"739",3,77,2,2
"740",4,77,5,2
"741",2,77,4,1
"742",3,77,4,1
"743",7,77,4,1
"744",4,77,3,2
"745",2,77,3,2
"746",4,77,4,4
"747",7,77,4,1
"748",4,77,4,4
"749",4,77,4,2
"750",7,77,3,1
"751",4,77,4,1
"752",1,77,3,2
"753",4,77,4,1
"754",1,77,1,2
"755",4,77,2,1
"756",7,77,4,1
"757",4,77,1,4
"758",4,77,3,4
"759",1,77,2,2
"760",1,77,5,2
"761",3,77,3,2
"762",1,77,4,2
"763",7,77,4,1
"764",4,77,3,3
"765",1,77,4,3
"766",6,77,3,3
"767",1,77,4,3
"768",2,77,1,2
"769",1,77,3,2
"770",2,77,5,1
"771",2,77,2,3
"772",7,77,4,2
"773",2,77,4,2
"774",1,77,4,1
"775",7,77,4,1
"776",5,77,3,2
"777",4,77,5,1
"778",2,77,3,3
"779",2,77,3,1
"780",1,77,5,2
"781",5,77,2,1
"782",1,77,4,1
"783",1,77,4,2
"784",4,77,2,2
"785",5,77,4,1
"786",1,77,5,2
"787",3,77,2,1
"788",7,77,4,1
"789",1,77,5,1
"790",2,77,4,1
"791",1,77,3,2
"792",5,77,4,1
"793",2,77,5,2
"794",4,77,2,2
"795",2,77,4,2
"796",1,77,3,4
"797",5,77,5,1
"798",1,77,4,2
"799",5,77,2,2
"800",2,77,4,2
"801",1,77,5,3
"802",1,77,4,2
"803",3,77,4,1
"804",7,77,2,1
"805",7,77,4,1
"806",3,77,4,2
"807",2,77,4,2
"808",5,77,2,1
"809",1,77,1,3
"810",7,77,4,1
"811",1,77,4,2
"812",7,77,4,1
"813",7,77,2,1
"814",1,77,4,2
"815",4,77,1,4
"816",2,77,4,1
"817",6,77,4,1
"818",2,77,2,2
"819",3,77,4,1
"820",4,77,3,4
"821",6,77,3,1
"822",1,77,3,2
"823",6,77,3,1
"824",2,77,3,1
"825",2,77,5,1
"826",2,77,4,2
"827",4,77,2,2
"828",3,77,3,3
"829",1,77,4,2
"830",2,77,4,2
"831",7,77,4,1
"832",7,77,3,1
"833",3,77,5,1
"834",7,77,4,1
"835",7,77,3,1
"836",2,77,4,2
"837",3,77,4,1
"838",1,77,2,2
"839",1,77,2,2
"840",6,77,4,1
"841",1,77,4,1
"842",1,77,5,2
"843",6,77,4,1
"844",4,77,5,1
"845",1,77,3,2
"846",2,77,5,2
"847",3,77,5,1
"848",1,77,5,1
"849",1,77,4,2
"850",7,77,3,1
"851",1,77,3,2
"852",4,77,2,2
"853",2,77,3,2
"854",4,77,3,2
"855",1,77,5,2
"856",1,77,4,1
"857",7,77,5,1
"858",1,77,2,1
"859",4,77,3,1
"860",1,77,4,4
"861",2,77,3,1
"862",2,77,3,4
"863",7,77,2,1
"864",1,77,5,2
"865",4,77,3,1
"866",3,77,3,2
"867",3,77,3,2
"868",1,77,5,2
"869",5,77,3,1
"870",5,77,3,1
"871",1,77,4,2
"872",5,77,2,2
"873",1,77,5,1
"874",1,77,4,2
"875",2,77,2,3
"876",2,77,3,3
"877",1,77,5,2
"878",3,77,3,2
"879",3,77,3,1
"880",6,77,4,1
"881",2,77,3,2
"882",7,77,3,1
"883",2,77,4,1
"884",4,77,9,2
"885",4,77,5,1
"886",4,77,4,4
"887",3,77,1,2
"888",1,77,2,2
"889",1,77,5,3
"890",7,77,3,3
"891",4,77,2,1
"892",7,77,4,1
"893",4,77,4,1
"894",4,77,5,1
"895",1,77,4,2
"896",1,77,1,2
"897",1,77,5,3
"898",3,77,2,1
"899",3,77,3,1
"900",3,77,4,2
"901",5,77,4,1
"902",7,77,1,1
"903",1,77,3,2
"904",4,77,4,3
"905",1,77,4,2
"906",4,77,1,4
"907",3,77,4,1
"908",6,77,1,2
"909",1,77,4,2
"910",1,77,5,1
"911",1,77,3,2
"912",2,77,4,1
"913",4,77,3,4
"914",3,77,3,3
"915",7,77,2,1
"916",4,77,3,4
"917",1,77,4,2
"918",4,77,3,1
"919",3,77,2,2
"920",1,77,4,1
"921",1,77,3,2
"922",7,77,4,2
"923",2,77,3,4
"924",1,77,4,2
"925",5,77,4,1
"926",1,77,5,2
"927",1,77,5,2
"928",2,77,3,1
"929",6,77,2,2
"930",2,77,3,2
"931",6,77,2,1
"932",1,77,4,2
"933",3,77,3,1
"934",4,77,3,3
"935",2,77,5,1
"936",4,77,2,1
"937",1,77,3,2
"938",1,77,5,1
"939",1,77,5,1
"940",3,77,3,2
"941",2,77,3,2
"942",4,77,3,4
"943",4,77,4,2
"944",3,77,3,1
"945",2,77,2,1
"946",1,77,4,2
"947",1,77,4,1
"948",7,77,4,1
"949",4,77,5,1
"950",2,77,3,2
"951",1,77,2,3
"952",5,77,3,1
"953",2,77,2,2
"954",4,77,3,1
"955",3,77,3,2
"956",6,77,4,1
"957",4,77,3,4
"958",4,77,4,4
"959",2,77,3,2
"960",1,77,5,2
"961",4,77,3,2
"962",3,77,5,1
"963",1,77,4,1
"964",3,77,4,2
"965",1,77,4,1
"966",7,77,4,1
"967",2,77,5,2
"968",2,77,2,1
"969",1,77,2,2
"970",1,77,5,2
"971",2,77,5,1
"972",7,77,2,1
"973",1,77,5,2
"974",1,77,3,2
"975",2,77,2,2
"976",2,77,3,1
"977",5,77,4,1
"978",1,77,3,1
"979",1,77,4,2
"980",1,77,4,2
"981",2,77,3,4
"982",1,77,3,1
"983",3,77,2,1
"984",7,77,3,1
"985",2,77,4,1
"986",7,77,3,1
"987",5,77,3,2
"988",7,77,3,1
"989",2,77,4,1
"990",1,77,3,1
"991",2,77,3,1
"992",3,77,3,2
"993",1,77,4,1
"994",1,77,4,2
"995",2,77,4,1
"996",2,77,5,2
"997",6,77,1,1
"998",4,77,5,2
"999",1,77,5,1
"1000",5,77,2,2
"1001",1,77,5,1
"1002",2,77,3,1
"1003",4,77,2,2
"1004",3,77,4,2
"1005",1,77,4,1
"1006",5,77,4,1
"1007",5,77,2,1
"1008",4,77,3,1
"1009",4,77,3,2
"1010",4,77,5,1
"1011",2,77,2,2
"1012",5,77,3,2
"1013",1,77,5,2
"1014",1,77,4,2
"1015",1,77,4,2
"1016",1,77,3,2
"1017",1,77,3,1
"1018",1,77,4,2
"1019",1,77,5,2
"1020",2,77,4,1
"1021",4,77,3,2
"1022",7,77,3,1
"1023",4,77,3,2
"1024",6,77,4,1
"1025",2,77,2,1
"1026",3,77,4,1
"1027",4,77,2,4
"1028",4,77,5,1
"1029",7,77,3,1
"1030",5,77,4,1
"1031",1,77,3,1
"1032",2,77,3,1
"1033",6,77,2,4
"1034",1,77,5,2
"1035",2,77,3,3
"1036",2,77,4,2
"1037",2,77,4,2
"1038",1,77,3,2
"1039",1,77,5,2
"1040",4,77,3,3
"1041",2,77,3,2
"1042",4,77,3,2
"1043",1,77,4,1
"1044",4,77,4,2
"1045",4,77,3,4
"1046",2,77,3,2
"1047",1,77,2,2
"1048",4,77,5,1
"1049",1,77,5,2
"1050",2,77,4,4
"1051",1,77,5,2
"1052",3,77,4,2
"1053",4,77,3,1
"1054",2,77,3,4
"1055",2,77,3,1
"1056",2,77,4,1
"1057",4,77,3,4
"1058",2,77,5,1
"1059",6,77,3,1
"1060",1,77,4,2
"1061",1,77,3,2
"1062",2,77,3,2
"1063",1,77,4,1
"1064",5,77,4,2
"1065",2,77,4,2
"1066",7,77,1,2
"1067",1,77,4,1
"1068",1,77,2,2
"1069",3,77,2,2
"1070",1,77,5,1
"1071",1,77,5,1
"1072",2,77,3,2
"1073",1,77,5,2
"1074",1,77,5,1
"1075",1,77,4,2
"1076",1,77,5,1
"1077",2,77,4,2
"1078",7,77,4,1
"1079",2,77,4,1
"1080",1,77,4,2
"1081",4,77,3,3
"1082",6,77,4,1
"1083",4,77,4,2
"1084",4,77,4,4
"1085",1,77,4,4
"1086",1,77,2,4
"1087",2,77,4,3
"1088",4,77,4,1
"1089",1,77,4,1
"1090",1,77,3,2
"1091",4,77,2,2
"1092",6,77,3,1
"1093",2,77,2,2
"1094",7,77,1,1
"1095",4,77,2,4
"1096",2,77,4,2
"1097",2,77,4,2
"1098",2,77,3,2
"1099",1,77,3,2
"1100",4,77,3,4
"1101",1,77,4,1
"1102",4,77,2,2
"1103",2,77,5,1
"1104",4,77,3,2
"1105",1,77,1,2
"1106",4,77,3,3
"1107",1,77,5,2
"1108",4,77,3,2
"1109",1,77,3,2
"1110",1,77,3,2
"1111",7,77,1,1
"1112",3,77,3,2
"1113",2,77,4,1
"1114",4,77,3,3
"1115",2,77,4,1
"1116",4,77,3,2
"1117",4,77,3,2
"1118",7,77,3,1
"1119",1,77,3,4
"1120",1,77,5,1
"1121",4,77,4,1
"1122",1,77,5,2
"1123",1,77,5,2
"1124",1,77,5,1
"1125",3,77,5,2
"1126",7,77,4,1
"1127",3,77,3,2
"1128",1,77,5,3
"1129",2,77,5,2
"1130",6,77,2,2
"1131",1,77,5,2
"1132",1,77,4,1
"1133",3,77,4,3
"1134",2,77,2,2
"1135",1,77,3,1
"1136",2,77,4,2
"1137",7,77,5,2
"1138",1,77,4,3
"1139",4,77,4,1
"1140",3,77,2,2
"1141",5,77,2,1
"1142",1,77,4,2
"1143",4,77,4,2
"1144",7,77,3,1
"1145",1,77,5,2
"1146",1,77,2,1
"1147",2,77,4,1
"1148",4,77,4,3
"1149",3,77,5,2
"1150",4,77,3,2
"1151",4,77,1,3
"1152",4,77,1,4
"1153",1,77,3,4
"1154",2,77,2,2
"1155",4,77,3,2
"1156",4,77,3,2
"1157",3,77,2,2
"1158",7,77,2,1
"1159",1,77,2,2
"1160",6,77,4,1
"1161",7,77,3,1
"1162",7,77,3,1
"1163",2,77,3,1
"1164",1,77,5,1
"1165",1,77,4,2
"1166",1,77,3,1
"1167",1,77,5,2
"1168",4,77,3,3
"1169",1,77,4,2
"1170",2,77,2,2
"1171",7,77,3,1
"1172",2,77,3,2
"1173",1,77,5,2
"1174",3,77,3,3
"1175",5,77,4,1
"1176",1,77,3,3
"1177",1,77,3,3
"1178",4,77,4,2
"1179",1,77,5,2
"1180",7,77,4,1
"1181",4,77,4,3
"1182",3,77,3,3
"1183",1,77,4,1
"1184",6,77,2,1
"1185",3,77,3,1
"1186",4,77,3,2
"1187",1,77,4,2
"1188",7,77,2,1
"1189",6,77,4,1
"1190",1,77,5,1
"1191",1,77,4,1
"1192",2,77,3,1
"1193",1,77,1,3
"1194",1,77,4,2
"1195",4,77,4,1
"1196",1,77,2,2
"1197",2,77,3,2
"1198",3,77,4,1
"1199",1,77,4,4
"1200",4,77,4,1
"1201",7,77,3,1
"1202",6,77,2,1
"1203",7,77,4,1
"1204",5,77,4,1
"1205",2,77,4,2
"1206",1,77,5,1
"1207",1,77,4,1
"1208",2,77,2,1
"1209",1,77,3,1
"1210",1,77,2,2
"1211",2,77,2,2
"1212",2,77,4,2
"1213",6,77,4,1
"1214",1,77,3,2
"1215",7,77,3,1
"1216",1,77,5,2
"1217",6,77,4,2
"1218",1,77,5,2
"1219",2,77,4,1
"1220",5,77,1,4
"1221",1,77,1,2
"1222",1,77,5,1
"1223",2,77,2,3
"1224",4,77,2,2
"1225",1,77,4,2
"1226",1,77,1,4
"1227",2,77,3,2
"1228",4,77,5,2
"1229",4,77,4,4
"1230",7,77,2,1
"1231",4,77,4,1
"1232",6,77,3,1
"1233",1,77,3,2
"1234",5,77,2,3
"1235",3,77,4,1
"1236",3,77,3,1
"1237",3,77,4,1
"1238",2,77,3,2
"1239",2,77,4,2
"1240",4,77,2,1
"1241",2,77,4,1
"1242",4,77,2,2
"1243",5,77,4,4
"1244",2,77,3,3
"1245",5,77,2,1
"1246",2,77,3,3
"1247",1,77,3,3
"1248",1,77,5,2
"1249",1,77,4,2
"1250",1,77,4,1
"1251",2,77,2,2
"1252",7,77,3,1
"1253",1,77,5,1
"1254",7,77,2,1
"1255",7,77,4,1
"1256",1,77,5,2
"1257",4,77,5,1
"1258",2,77,3,2
"1259",1,77,4,2
"1260",1,77,4,2
"1261",6,77,4,1
"1262",1,77,3,2
"1263",2,77,4,3
"1264",1,77,4,1
"1265",1,77,3,2
"1266",5,77,3,3
"1267",1,77,5,1
"1268",1,77,5,2
"1269",7,77,4,1
"1270",2,77,4,2
"1271",2,77,4,2
"1272",1,77,1,1
"1273",3,77,1,4
"1274",7,77,2,1
"1275",2,77,2,2
"1276",2,77,4,1
"1277",1,77,5,1
"1278",7,77,3,1
"1279",1,77,1,1
"1280",7,77,2,1
"1281",1,77,5,1
"1282",4,77,3,2
"1283",2,77,3,3
"1284",2,77,3,1
"1285",4,77,4,3
"1286",4,77,1,1
"1287",1,77,2,2
"1288",1,77,5,2
"1289",4,77,5,2
"1290",1,77,4,1
"1291",7,77,3,1
"1292",2,77,4,1
"1293",7,77,4,1
"1294",1,77,5,2
"1295",1,77,3,2
"1296",1,77,4,2
"1297",7,77,1,3
"1298",1,77,2,1
"1299",3,77,4,2
"1300",7,77,4,1
"1301",3,77,3,1
"1302",2,77,2,2
"1303",5,77,3,1
"1304",6,77,3,2
"1305",1,77,4,2
"1306",1,77,4,2
"1307",1,77,4,2
"1308",5,77,3,2
"1309",1,77,5,1
"1310",1,77,5,2
"1311",7,77,3,1
"1312",2,77,1,3
"1313",1,77,4,2
"1314",1,77,3,2
"1315",1,77,4,1
"1316",6,77,5,2
"1317",1,77,3,2
"1318",1,77,4,1
"1319",1,77,4,2
"1320",1,77,5,4
"1321",1,77,4,2
"1322",2,77,1,2
"1323",1,77,4,2
"1324",1,77,4,1
"1325",1,77,3,1
"1326",6,77,3,1
"1327",5,77,2,1
"1328",2,77,4,2
"1329",4,77,1,4
"1330",1,77,2,3
"1331",2,77,2,4
"1332",3,77,3,4
"1333",4,77,3,1
"1334",1,77,3,2
"1335",2,77,4,2
"1336",2,77,2,2
"1337",6,77,3,1
"1338",6,77,3,1
"1339",1,77,4,2
"1340",1,77,3,2
"1341",7,77,3,1
"1342",4,77,3,4
"1343",3,77,5,3
"1344",4,77,4,2
"1345",2,77,2,2
"1346",7,77,3,1
"1347",4,77,3,4
"1348",1,77,4,2
"1349",1,77,3,2
"1350",1,77,4,2
"1351",3,77,4,2
"1352",2,77,4,2
"1353",3,77,4,1
"1354",4,77,4,2
"1355",4,77,1,4
"1356",3,77,2,1
"1357",1,77,4,2
"1358",4,77,3,1
"1359",1,77,4,1
"1360",4,77,3,1
"1361",6,77,4,2
"1362",5,77,2,2
"1363",7,77,2,4
"1364",1,77,4,2
"1365",7,77,2,1
"1366",3,77,3,2
"1367",1,77,4,2
"1368",2,77,2,2
"1369",5,77,3,1
"1370",4,77,4,1
"1371",1,77,3,2
"1372",1,77,2,2
"1373",7,77,2,1
"1374",3,77,3,2
"1375",7,77,1,1
"1376",4,77,3,1
"1377",1,77,4,3
"1378",1,77,5,2
"1379",1,77,4,1
"1380",7,77,2,1
"1381",4,77,4,1
"1382",4,77,4,1
"1383",1,77,2,2
"1384",2,77,3,2
"1385",7,77,1,1
"1386",3,77,5,2
"1387",4,77,3,1
"1388",2,77,4,1
"1389",1,77,3,3
"1390",1,77,3,3
"1391",3,77,3,2
"1392",1,77,5,2
"1393",1,77,4,2
"1394",2,77,4,2
"1395",3,77,3,1
"1396",3,77,3,1
"1397",7,77,2,1
"1398",1,77,4,2
"1399",7,77,4,1
"1400",2,77,4,2
"1401",2,77,4,1
"1402",1,77,4,2
"1403",1,77,4,2
"1404",7,77,2,1
"1405",4,77,4,1
"1406",7,77,4,2
"1407",4,77,3,4
"1408",1,77,3,2
"1409",4,77,1,4
"1410",2,77,4,2
"1411",7,77,5,1
"1412",5,77,4,1
"1413",4,77,4,1
"1414",1,77,4,2
"1415",2,77,3,2
"1416",3,77,2,2
"1417",3,77,2,2
"1418",1,77,3,1
"1419",7,77,4,1
"1420",2,77,3,2
"1421",2,77,4,2
"1422",4,77,3,1
"1423",2,77,3,2
"1424",7,77,4,1
"1425",2,77,3,2
"1426",4,77,3,2
"1427",4,77,3,1
"1428",2,77,3,1
"1429",7,77,1,2
"1430",1,77,3,1
"1431",3,77,2,3
"1432",1,77,3,2
"1433",1,77,3,2
"1434",5,77,1,1
"1435",7,77,1,2
"1436",1,77,3,2
"1437",7,77,4,1
"1438",4,77,3,1
"1439",1,77,5,1
"1440",2,77,3,2
"1441",4,77,4,1
"1442",6,77,4,1
"1443",7,77,1,2
"1444",1,77,4,2
"1445",2,77,4,1
"1446",2,77,4,2
"1447",2,77,3,2
"1448",7,77,2,1
"1449",4,77,2,1
"1450",2,77,3,1
"1451",5,77,4,1
"1452",4,77,4,2
"1453",7,77,2,1
"1454",6,77,1,2
"1455",2,77,2,2
"1456",4,77,3,1
"1457",3,77,4,2
"1458",6,77,3,3
"1459",1,77,5,2
"1460",1,77,5,2
"1461",1,77,1,2
"1462",1,77,5,4
"1463",3,77,3,1
"1464",2,77,5,1
"1465",1,77,5,1
"1466",6,77,4,2
"1467",2,77,3,4
"1468",7,77,1,1
"1469",3,77,3,2
"1470",1,77,3,1
"1471",4,77,3,2
"1472",1,77,4,2
"1473",6,77,3,4
"1474",1,77,4,2
"1475",2,77,4,2
"1476",6,77,3,1
"1477",3,77,5,1
"1478",2,77,4,1
"1479",3,77,4,2
"1480",2,77,2,2
"1481",7,77,3,1
"1482",2,77,5,1
"1483",4,77,2,4
"1484",4,77,4,2
"1485",1,77,4,1
"1486",4,77,3,2
"1487",1,77,5,1
"1488",4,77,3,1
"1489",4,77,1,4
"1490",1,77,5,1
"1491",7,77,4,1
"1492",1,77,5,2
"1493",2,77,3,2
"1494",1,77,5,3
"1495",7,77,5,4
"1496",4,77,3,2
"1497",1,77,1,2
"1498",1,77,4,4
"1499",88,6,3,1
"1500",88,1,2,1
"1501",88,3,3,1
"1502",88,4,3,1
"1503",88,1,4,2
"1504",88,5,2,1
"1505",88,3,2,1
"1506",88,2,4,1
"1507",88,4,4,1
"1508",88,1,5,1
"1509",88,1,4,1
"1510",88,4,3,3
"1511",88,1,4,2
"1512",88,7,1,4
"1513",88,1,5,1
"1514",88,1,5,2
"1515",88,1,4,1
"1516",88,1,4,2
"1517",88,2,3,4
"1518",88,1,5,2
"1519",88,3,4,1
"1520",88,7,5,2
"1521",88,3,4,1
"1522",88,2,5,1
"1523",88,2,5,2
"1524",88,4,3,1
"1525",88,2,3,2
"1526",88,5,3,3
"1527",88,1,5,2
"1528",88,1,1,4
"1529",88,7,4,1
"1530",88,2,4,2
"1531",88,1,5,4
"1532",88,7,1,1
"1533",88,5,3,2
"1534",88,4,3,2
"1535",88,7,3,1
"1536",88,4,3,4
"1537",88,1,4,1
"1538",88,4,5,4
"1539",88,7,2,1
"1540",88,4,3,1
"1541",88,7,4,2
"1542",88,2,4,2
"1543",88,4,3,4
"1544",88,3,4,2
"1545",88,1,4,2
"1546",88,4,3,3
"1547",88,7,2,1
"1548",88,2,4,1
"1549",88,2,2,2
"1550",88,7,3,1
"1551",88,7,3,1
"1552",88,7,4,1
"1553",88,2,4,1
"1554",88,4,3,4
"1555",88,1,5,2
"1556",88,2,4,2
"1557",88,3,3,1
"1558",88,4,4,3
"1559",88,4,1,4
"1560",88,2,5,1
"1561",88,3,4,2
"1562",88,2,4,2
"1563",88,6,4,1
"1564",88,4,2,1
"1565",88,2,5,1
"1566",88,2,3,3
"1567",88,1,5,1
"1568",88,3,2,1
"1569",88,7,3,1
"1570",88,2,4,3
"1571",88,3,4,4
"1572",88,3,3,1
"1573",88,7,3,1
"1574",88,3,4,2
"1575",88,4,4,2
"1576",88,1,5,2
"1577",88,5,1,3
"1578",88,2,3,2
"1579",88,4,3,4
"1580",88,1,3,2
"1581",88,1,5,4
"1582",88,1,4,1
"1583",88,7,3,1
"1584",88,1,5,1
"1585",88,3,3,2
"1586",88,7,3,2
"1587",88,1,5,1
"1588",88,6,3,3
"1589",88,3,4,4
"1590",88,7,5,1
"1591",88,3,4,1
"1592",88,3,1,2
"1593",88,1,4,2
"1594",88,1,5,1
"1595",88,2,4,1
"1596",88,1,4,2
"1597",88,7,1,1
"1598",88,3,4,3
"1599",88,1,4,2
"1600",88,2,3,2
"1601",88,4,3,1
"1602",88,4,3,4
"1603",88,7,4,1
"1604",88,4,4,2
"1605",88,4,1,1
"1606",88,4,5,1
"1607",88,1,3,2
"1608",88,1,4,4
"1609",88,4,3,1
"1610",88,1,5,1
"1611",88,1,3,2
"1612",88,4,4,2
"1613",88,1,2,2
"1614",88,4,3,1
"1615",88,1,1,4
"1616",88,1,5,1
"1617",88,5,4,1
"1618",88,1,4,2
"1619",88,1,3,2
"1620",88,4,3,2
"1621",88,4,3,1
"1622",88,4,5,2
"1623",88,7,3,2
"1624",88,4,2,1
"1625",88,2,1,2
"1626",88,2,5,2
"1627",88,3,3,1
"1628",88,1,1,2
"1629",88,4,3,2
"1630",88,6,4,2
"1631",88,2,3,2
"1632",88,3,2,3
"1633",88,7,5,1
"1634",88,4,5,2
"1635",88,1,2,2
"1636",88,3,3,1
"1637",88,2,3,2
"1638",88,1,2,3
"1639",88,2,1,2
"1640",88,7,1,1
"1641",88,1,4,2
"1642",88,3,2,3
"1643",88,4,3,2
"1644",88,7,1,1
"1645",88,2,4,2
"1646",88,4,2,2
"1647",88,2,4,3
"1648",88,1,3,1
"1649",88,7,4,1
"1650",88,4,3,1
"1651",88,1,2,2
"1652",88,7,4,4
"1653",88,1,3,2
"1654",88,7,5,1
"1655",88,4,1,4
"1656",88,2,2,2
"1657",88,7,3,1
"1658",88,3,3,2
"1659",88,1,5,1
"1660",88,2,4,1
"1661",88,1,3,2
"1662",88,4,4,4
"1663",88,2,4,1
"1664",88,1,5,2
"1665",88,5,3,1
"1666",88,3,1,3
"1667",88,7,3,1
"1668",88,1,4,2
"1669",88,1,4,1
"1670",88,3,4,2
"1671",88,7,1,4
"1672",88,1,4,2
"1673",88,4,2,4
"1674",88,7,3,1
"1675",88,1,5,1
"1676",88,4,1,4
"1677",88,3,5,1
"1678",88,2,4,3
"1679",88,7,2,1
"1680",88,4,4,1
"1681",88,1,2,3
"1682",88,1,2,1
"1683",88,4,1,2
"1684",88,4,4,1
"1685",88,7,1,1
"1686",88,7,1,4
"1687",88,5,2,2
"1688",88,2,4,2
"1689",88,6,3,2
"1690",88,2,3,3
"1691",88,4,3,1
"1692",88,1,4,1
"1693",88,4,2,1
"1694",88,2,2,2
"1695",88,4,4,1
"1696",88,2,3,1
"1697",88,1,3,2
"1698",88,4,4,2
"1699",88,5,3,1
"1700",88,7,3,1
"1701",88,4,5,1
"1702",88,1,2,3
"1703",88,4,3,4
"1704",88,2,3,2
"1705",88,4,3,1
"1706",88,5,4,2
"1707",88,6,2,1
"1708",88,3,2,4
"1709",88,1,5,1
"1710",88,6,3,1
"1711",88,4,1,4
"1712",88,1,4,1
"1713",88,3,4,2
"1714",88,2,4,2
"1715",88,7,1,1
"1716",88,3,3,2
"1717",88,1,2,2
"1718",88,7,4,1
"1719",88,2,4,2
"1720",88,1,5,2
"1721",88,3,3,2
"1722",88,2,4,1
"1723",88,2,2,3
"1724",88,1,4,1
"1725",88,3,4,2
"1726",88,1,5,1
"1727",88,1,4,2
"1728",88,1,4,2
"1729",88,3,1,3
"1730",88,5,4,2
"1731",88,7,3,1
"1732",88,3,2,2
"1733",88,1,2,2
"1734",88,3,4,2
"1735",88,1,4,1
"1736",88,4,3,2
"1737",88,1,3,2
"1738",88,3,2,2
"1739",88,4,3,2
"1740",88,4,2,2
"1741",88,4,3,2
"1742",88,6,4,2
"1743",88,2,3,2
"1744",88,1,2,2
"1745",88,4,3,3
"1746",88,5,3,1
"1747",88,4,4,2
"1748",88,1,3,2
"1749",88,5,2,1
"1750",88,4,3,1
"1751",88,4,4,2
"1752",88,7,3,1
"1753",88,2,3,2
"1754",88,1,1,3
"1755",88,7,4,2
"1756",88,4,4,3
"1757",88,1,5,1
"1758",88,5,2,1
"1759",88,4,3,1
"1760",88,7,1,4
"1761",88,2,3,2
"1762",88,2,4,1
"1763",88,6,4,1
"1764",88,3,4,1
"1765",88,7,1,1
"1766",88,1,4,2
"1767",88,4,2,2
"1768",88,1,3,2
"1769",88,7,3,1
"1770",88,4,3,2
"1771",88,1,4,2
"1772",88,6,3,1
"1773",88,3,3,3
"1774",88,6,4,1
"1775",88,2,4,2
"1776",88,2,3,2
"1777",88,3,2,2
"1778",88,1,4,2
"1779",88,1,5,2
"1780",88,7,3,1
"1781",88,3,4,1
"1782",88,3,4,3
"1783",88,4,2,4
"1784",88,5,3,2
"1785",88,1,4,2
"1786",88,1,2,2
"1787",88,7,1,3
"1788",88,7,4,1
"1789",88,2,4,1
"1790",88,5,3,1
"1791",88,2,3,2
"1792",88,6,3,1
"1793",88,1,3,2
"1794",88,6,2,2
"1795",88,3,4,3
"1796",88,1,3,2
"1797",88,3,3,1
"1798",88,5,2,1
"1799",88,1,4,1
"1800",88,5,4,1
"1801",88,1,3,1
"1802",88,3,3,1
"1803",88,2,5,1
"1804",88,5,2,1
"1805",88,1,5,2
"1806",88,4,3,2
"1807",88,2,4,2
"1808",88,3,3,2
"1809",88,7,4,1
"1810",88,2,3,2
"1811",88,4,2,1
"1812",88,2,4,2
"1813",88,7,2,1
"1814",88,1,1,4
"1815",88,1,1,3
"1816",88,2,3,2
"1817",88,5,5,1
"1818",88,2,3,2
"1819",88,1,4,4
"1820",88,1,4,3
"1821",88,1,4,3
"1822",88,4,2,4
"1823",88,4,4,1
"1824",88,1,4,2
"1825",88,2,5,1
"1826",88,1,4,2
"1827",88,1,4,3
"1828",88,1,1,3
"1829",88,4,3,3
"1830",88,1,3,2
"1831",88,2,2,1
"1832",88,1,5,2
"1833",88,1,1,4
"1834",88,1,2,2
"1835",88,5,2,2
"1836",88,1,3,2
"1837",88,7,4,1
"1838",88,1,1,2
"1839",88,1,5,2
"1840",88,1,3,2
"1841",88,3,3,2
"1842",88,5,4,1
"1843",88,6,3,1
"1844",88,7,3,1
"1845",88,1,4,3
"1846",88,1,4,2
"1847",88,1,5,1
"1848",88,4,4,2
"1849",88,1,4,1
"1850",88,1,5,2
"1851",88,1,3,4
"1852",88,1,4,2
"1853",88,2,4,2
"1854",88,6,1,1
"1855",88,5,2,2
"1856",88,4,3,2
"1857",88,1,2,2
"1858",88,7,1,1
"1859",88,5,4,2
"1860",88,1,4,2
"1861",88,1,4,2
"1862",88,1,5,2
"1863",88,1,2,1
"1864",88,4,4,2
"1865",88,5,2,2
"1866",88,4,3,2
"1867",88,3,2,2
"1868",88,1,2,4
"1869",88,4,3,2
"1870",88,7,4,1
"1871",88,3,2,3
"1872",88,4,4,1
"1873",88,1,3,3
"1874",88,3,4,4
"1875",88,7,5,1
"1876",88,1,3,1
"1877",88,1,4,1
"1878",88,7,2,1
"1879",88,1,5,1
"1880",88,1,5,2
"1881",88,7,1,4
"1882",88,3,3,2
"1883",88,3,3,1
"1884",88,7,1,1
"1885",88,7,5,1
"1886",88,2,3,2
"1887",88,4,3,2
"1888",88,3,3,1
"1889",88,2,3,1
"1890",88,4,3,1
"1891",88,4,3,3
"1892",88,4,3,1
"1893",88,7,3,1
"1894",88,4,4,3
"1895",88,1,4,2
"1896",88,4,5,4
"1897",88,2,5,1
"1898",88,1,4,1
"1899",88,1,3,2
"1900",88,4,4,3
"1901",88,1,2,3
"1902",88,1,5,3
"1903",88,1,5,1
"1904",88,2,4,3
"1905",88,7,3,1
"1906",88,4,4,2
"1907",88,4,3,3
"1908",88,2,3,3
"1909",88,5,4,1
"1910",88,6,2,1
"1911",88,4,4,3
"1912",88,3,2,1
"1913",88,6,3,1
"1914",88,1,3,2
"1915",88,1,5,4
"1916",88,2,4,1
"1917",88,5,3,1
"1918",88,2,4,2
"1919",88,5,4,1
"1920",88,2,4,2
"1921",88,3,4,2
"1922",88,3,4,2
"1923",88,1,3,2
"1924",88,1,5,2
"1925",88,1,2,1
"1926",88,4,1,4
"1927",88,7,3,1
"1928",88,1,5,1
"1929",88,1,4,1
"1930",88,2,3,2
"1931",88,4,3,1
"1932",88,2,4,3
"1933",88,4,4,2
"1934",88,1,4,2
"1935",88,7,3,1
"1936",88,2,4,1
"1937",88,7,3,4
"1938",88,1,3,1
"1939",88,2,4,2
"1940",88,5,4,1
"1941",88,1,1,2
"1942",88,1,4,2
"1943",88,1,4,1
"1944",88,4,3,1
"1945",88,4,2,2
"1946",88,1,3,2
"1947",88,7,3,1
"1948",88,4,3,1
"1949",88,3,3,2
"1950",88,2,5,1
"1951",88,2,1,2
"1952",88,5,1,4
"1953",88,4,3,2
"1954",88,5,2,2
"1955",88,7,2,2
"1956",88,7,1,1
"1957",88,5,2,2
"1958",88,5,5,1
"1959",88,4,1,1
"1960",88,6,1,2
"1961",88,6,2,1
"1962",88,7,5,3
"1963",88,2,3,3
"1964",88,3,3,1
"1965",88,2,3,4
"1966",88,1,5,2
"1967",88,1,4,4
"1968",88,4,1,2
"1969",88,1,4,1
"1970",88,7,2,2
"1971",88,5,3,1
"1972",88,1,3,2
"1973",88,7,3,1
"1974",88,1,3,1
"1975",88,7,4,1
"1976",88,6,3,1
"1977",88,2,4,3
"1978",88,2,3,2
"1979",88,4,3,2
"1980",88,3,3,1
"1981",88,4,3,1
"1982",88,7,4,4
"1983",88,1,4,2
"1984",88,1,4,2
"1985",88,4,3,3
"1986",88,6,4,1
"1987",88,7,3,1
"1988",88,1,2,2
"1989",88,5,5,1
"1990",88,1,4,1
"1991",88,3,5,2
"1992",88,6,2,3
"1993",88,4,2,3
"1994",88,1,2,2
"1995",88,2,4,2
"1996",88,2,4,2
"1997",88,4,3,3
"1998",88,2,3,1
"1999",88,5,2,2
"2000",88,1,4,2
"2001",88,1,4,1
"2002",88,4,5,2
"2003",88,2,5,1
"2004",88,4,3,1
"2005",88,5,4,2
"2006",88,4,2,4
"2007",88,5,3,1
"2008",88,5,3,1
"2009",88,5,5,2
"2010",88,4,2,2
"2011",88,3,4,1
"2012",88,1,1,2
"2013",88,1,1,2
"2014",88,2,4,1
"2015",88,2,4,2
"2016",88,6,4,1
"2017",88,1,3,1
"2018",88,4,3,1
"2019",88,1,4,2
"2020",88,2,4,2
"2021",88,4,4,2
"2022",88,2,5,2
"2023",88,5,3,3
"2024",88,4,3,3
"2025",88,2,2,2
"2026",88,1,3,2
"2027",88,7,3,1
"2028",88,2,2,2
"2029",88,7,3,1
"2030",88,1,4,2
"2031",88,1,3,2
"2032",88,6,3,1
"2033",88,1,5,2
"2034",88,1,4,2
"2035",88,4,2,1
"2036",88,7,4,2
"2037",88,2,2,2
"2038",88,7,4,1
"2039",88,4,3,2
"2040",88,1,4,3
"2041",88,6,4,1
"2042",88,6,3,1
"2043",88,1,4,1
"2044",88,1,4,2
"2045",88,1,3,2
"2046",88,1,3,2
"2047",88,2,2,2
"2048",88,7,1,2
"2049",88,4,3,2
"2050",88,4,3,4
"2051",88,1,5,2
"2052",88,3,3,2
"2053",88,1,3,2
"2054",88,4,3,4
"2055",88,1,2,2
"2056",88,1,4,4
"2057",88,1,3,2
"2058",88,2,5,2
"2059",88,2,5,2
"2060",88,4,4,2
"2061",88,1,4,1
"2062",88,7,4,1
"2063",88,5,4,2
"2064",88,1,5,3
"2065",88,1,5,3
"2066",88,2,3,1
"2067",88,4,2,1
"2068",88,4,4,2
"2069",88,7,1,1
"2070",88,3,3,2
"2071",88,1,5,1
"2072",88,2,3,2
"2073",88,1,3,1
"2074",88,1,3,2
"2075",88,6,2,4
"2076",88,1,4,2
"2077",88,1,4,1
"2078",88,2,4,2
"2079",88,3,3,2
"2080",88,5,4,1
"2081",88,7,1,1
"2082",88,3,4,2
"2083",88,1,4,2
"2084",88,2,2,3
"2085",88,1,3,2
"2086",88,7,2,1
"2087",88,1,4,2
"2088",88,1,3,2
"2089",88,7,2,1
"2090",88,2,3,3
"2091",88,7,3,1
"2092",88,6,3,2
"2093",88,7,2,1
"2094",88,6,2,2
"2095",88,1,3,2
"2096",88,1,3,2
"2097",88,1,4,1
"2098",88,7,3,1
"2099",88,3,4,1
"2100",88,7,4,1
"2101",88,7,3,1
"2102",88,1,5,2
"2103",88,1,5,1
"2104",88,2,4,2
"2105",88,1,4,4
"2106",88,1,3,2
"2107",88,2,4,3
"2108",88,1,5,2
"2109",88,6,3,1
"2110",88,2,4,2
"2111",88,2,5,2
"2112",88,4,3,2
"2113",88,4,1,4
"2114",88,1,5,1
"2115",88,5,1,1
"2116",88,1,3,3
"2117",88,4,2,1
"2118",88,7,1,4
"2119",88,2,2,2
"2120",88,1,2,4
"2121",88,4,3,2
"2122",88,1,5,2
"2123",88,3,3,2
"2124",88,7,3,1
"2125",88,1,1,2
"2126",88,1,4,1
"2127",88,7,1,1
"2128",88,2,4,2
"2129",88,1,4,2
"2130",88,7,2,1
"2131",88,3,4,3
"2132",88,2,2,3
"2133",88,4,3,2
"2134",88,3,3,2
"2135",88,3,2,2
"2136",88,4,4,2
"2137",88,7,3,1
"2138",88,2,3,2
"2139",88,1,4,2
"2140",88,4,4,2
"2141",88,2,5,1
"2142",88,2,3,1
"2143",88,1,5,2
"2144",88,4,3,4
"2145",88,3,3,1
"2146",88,1,3,2
"2147",88,1,5,1
"2148",88,2,3,2
"2149",88,3,3,1
"2150",88,1,4,2
"2151",88,7,3,1
"2152",88,2,4,4
"2153",88,1,2,2
"2154",88,2,3,3
"2155",88,1,5,2
"2156",88,3,3,1
"2157",88,7,1,1
"2158",88,7,3,1
"2159",88,3,3,4
"2160",88,3,4,1
"2161",88,4,4,1
"2162",88,6,3,1
"2163",88,7,2,1
"2164",88,4,5,3
"2165",88,1,4,1
"2166",88,6,1,2
"2167",88,3,4,1
"2168",88,4,3,3
"2169",88,7,1,2
"2170",88,1,5,3
"2171",88,4,3,2
"2172",88,5,4,2
"2173",88,1,4,2
"2174",88,7,4,1
"2175",88,2,4,2
"2176",88,2,4,2
"2177",88,4,4,1
"2178",88,4,4,4
"2179",88,4,3,4
"2180",88,7,3,1
"2181",88,7,2,1
"2182",88,4,2,4
"2183",88,1,4,2
"2184",88,2,3,1
"2185",88,1,5,2
"2186",88,7,3,1
"2187",88,5,4,1
"2188",88,2,4,2
"2189",88,4,3,2
"2190",88,1,1,2
"2191",88,2,4,1
"2192",88,1,4,2
"2193",88,1,5,2
"2194",88,1,5,2
"2195",88,7,4,1
"2196",88,1,4,1
"2197",88,7,3,1
"2198",88,4,1,2
"2199",88,2,4,2
"2200",88,3,4,1
"2201",88,2,4,2
"2202",88,6,4,1
"2203",88,2,5,2
"2204",88,1,2,2
"2205",88,2,3,2
"2206",88,7,5,1
"2207",88,6,3,4
"2208",88,7,2,1
"2209",88,5,3,1
"2210",88,1,3,4
"2211",88,5,2,2
"2212",88,7,1,3
"2213",88,3,4,1
"2214",88,3,3,2
"2215",88,4,4,1
"2216",88,4,2,4
"2217",88,1,4,1
"2218",88,7,2,1
"2219",88,4,4,2
"2220",88,7,2,1
"2221",88,7,4,1
"2222",88,6,3,2
"2223",88,3,3,2
"2224",88,2,4,2
"2225",88,1,4,2
"2226",88,3,5,1
"2227",88,3,3,2
"2228",88,2,4,1
"2229",88,4,1,4
"2230",88,7,3,2
"2231",88,2,3,3
"2232",88,4,3,3
"2233",88,1,2,2
"2234",88,5,3,4
"2235",88,2,3,1
"2236",88,1,3,2
"2237",88,1,2,2
"2238",88,2,1,2
"2239",88,6,3,3
"2240",88,1,5,2
"2241",88,2,4,2
"2242",88,7,3,2
"2243",88,4,3,4
"2244",88,3,3,2
"2245",88,3,3,2
"2246",88,6,4,1
"2247",88,3,4,2
"2248",88,2,3,4
"2249",88,1,1,2
"2250",88,2,4,1
"2251",88,1,2,3
"2252",88,2,4,1
"2253",88,5,3,2
"2254",88,3,3,3
"2255",88,1,1,1
"2256",88,7,3,3
"2257",88,2,3,2
"2258",88,1,4,2
"2259",88,2,3,1
"2260",88,2,3,1
"2261",88,3,5,2
"2262",88,6,4,1
"2263",88,2,4,2
"2264",88,4,2,2
"2265",88,2,5,1
"2266",88,1,5,1
"2267",88,7,2,1
"2268",88,3,2,4
"2269",88,1,3,1
"2270",88,2,3,2
"2271",88,1,3,2
"2272",88,4,5,1
"2273",88,1,4,2
"2274",88,1,1,2
"2275",88,1,5,2
"2276",88,4,3,3
"2277",88,4,4,1
"2278",88,7,4,1
"2279",88,7,3,1
"2280",88,2,4,4
"2281",88,4,4,2
"2282",88,2,3,3
"2283",88,5,5,9
"2284",88,1,3,1
"2285",88,4,3,2
"2286",88,2,1,3
"2287",88,7,5,1
"2288",88,6,3,1
"2289",88,1,4,2
"2290",88,3,4,2
"2291",88,2,4,2
"2292",88,3,1,2
"2293",88,1,4,3
"2294",88,4,3,1
"2295",88,7,2,1
"2296",88,2,3,2
"2297",88,4,3,2
"2298",88,3,4,2
"2299",88,5,4,1
"2300",88,2,4,2
"2301",88,4,3,2
"2302",88,3,4,2
"2303",88,2,3,2
"2304",88,4,4,2
"2305",88,3,3,2
"2306",88,3,4,2
"2307",88,1,4,2
"2308",88,3,3,1
"2309",88,1,2,1
"2310",88,2,4,2
"2311",88,4,4,2
"2312",88,4,2,1
"2313",88,1,4,4
"2314",88,1,2,4
"2315",88,1,3,1
"2316",88,7,4,1
"2317",88,1,4,1
"2318",88,1,3,2
"2319",88,2,3,1
"2320",88,1,4,2
"2321",88,7,4,1
"2322",88,4,2,1
"2323",88,2,4,1
"2324",88,7,5,1
"2325",88,1,3,4
"2326",88,7,4,2
"2327",88,7,3,1
"2328",88,4,3,2
"2329",88,2,4,2
"2330",88,7,4,1
"2331",88,7,3,1
"2332",88,1,4,2
"2333",88,5,4,1
"2334",88,5,3,2
"2335",88,1,2,2
"2336",88,2,3,1
"2337",88,1,3,4
"2338",88,1,5,1
"2339",88,4,1,4
"2340",88,6,5,1
"2341",88,3,3,1
"2342",88,4,4,2
"2343",88,7,2,2
"2344",88,1,3,2
"2345",88,4,3,4
"2346",88,2,4,2
"2347",88,1,3,1
"2348",88,1,3,1
"2349",88,1,2,2
"2350",88,6,4,1
"2351",88,1,3,2
"2352",88,7,5,1
"2353",88,4,4,4
"2354",88,3,4,2
"2355",88,2,3,3
"2356",88,2,4,2
"2357",88,2,4,1
"2358",88,1,4,2
"2359",88,3,3,1
"2360",88,7,2,1
"2361",88,4,4,2
"2362",88,2,2,1
"2363",88,6,2,1
"2364",88,7,1,1
"2365",88,2,4,1
"2366",88,7,2,2
"2367",88,4,3,2
"2368",88,2,4,2
"2369",88,1,4,2
"2370",88,3,4,2
"2371",88,1,5,1
"2372",88,7,4,1
"2373",88,1,5,1
"2374",88,1,1,2
"2375",88,1,3,2
"2376",88,2,1,1
"2377",88,3,4,2
"2378",88,2,3,2
"2379",88,7,4,1
"2380",88,2,3,2
"2381",88,3,3,2
"2382",88,2,3,4
"2383",88,3,3,3
"2384",88,4,4,2
"2385",88,1,3,2
"2386",88,7,5,1
"2387",88,1,4,2
"2388",88,7,5,1
"2389",88,4,1,1
"2390",88,3,4,1
"2391",88,7,3,1
"2392",88,2,2,2
"2393",88,2,3,1
"2394",88,1,2,4
"2395",88,1,4,2
"2396",88,4,3,1
"2397",88,1,1,3
"2398",88,1,4,1
"2399",88,7,2,1
"2400",88,1,5,1
"2401",88,4,3,2
"2402",88,7,4,1
"2403",88,2,4,2
"2404",88,1,1,2
"2405",88,1,3,2
"2406",88,5,2,1
"2407",88,2,4,1
"2408",88,1,5,1
"2409",88,1,3,2
"2410",88,3,2,4
"2411",88,2,1,2
"2412",88,4,4,1
"2413",88,1,5,1
"2414",88,1,2,2
"2415",88,1,3,2
"2416",88,6,3,1
"2417",88,1,4,2
"2418",88,7,4,1
"2419",88,3,5,1
"2420",88,1,4,2
"2421",88,7,2,1
"2422",88,2,4,1
"2423",88,3,3,2
"2424",88,2,1,2
"2425",88,1,2,2
"2426",88,1,4,3
"2427",88,7,2,3
"2428",88,2,3,1
"2429",88,1,5,2
"2430",88,1,3,1
"2431",88,4,3,1
"2432",88,1,5,1
"2433",88,2,4,1
"2434",88,2,4,2
"2435",88,1,5,1
"2436",88,4,3,2
"2437",88,3,2,2
"2438",88,1,5,1
"2439",88,2,3,1
"2440",88,2,4,2
"2441",88,1,5,1
"2442",88,3,3,1
"2443",88,4,4,1
"2444",88,1,2,1
"2445",88,2,4,2
"2446",88,2,5,2
"2447",88,1,5,1
"2448",88,7,4,1
"2449",88,3,3,1
"2450",88,1,4,2
"2451",88,2,3,1
"2452",88,3,2,1
"2453",88,3,4,3
"2454",88,2,2,2
"2455",88,5,5,1
"2456",88,7,3,1
"2457",88,4,3,3
"2458",88,4,3,2
"2459",88,1,5,2
"2460",88,7,3,1
"2461",88,4,4,2
"2462",88,2,4,1
"2463",88,3,3,2
"2464",88,2,3,3
"2465",88,3,3,2
"2466",88,1,4,1
"2467",88,1,2,2
"2468",88,3,4,1
"2469",88,3,2,2
"2470",88,2,3,1
"2471",88,1,3,4
"2472",88,7,5,4
"2473",88,7,5,1
"2474",88,1,4,1
"2475",88,4,4,2
"2476",88,1,5,2
"2477",88,1,5,1
"2478",88,1,4,2
"2479",88,2,3,2
"2480",88,1,1,2
"2481",88,4,4,4
"2482",88,7,3,1
"2483",88,7,4,1
"2484",88,7,3,1
"2485",88,5,3,1
"2486",88,2,5,2
"2487",88,7,5,1
"2488",88,3,4,1
"2489",88,1,1,2
"2490",88,1,4,1
"2491",88,1,4,3
"2492",88,7,4,1
"2493",88,1,5,1
"2494",88,2,3,2
"2495",88,1,1,1
"2496",88,2,4,3
"2497",88,1,3,2
"2498",88,1,4,1
"2499",88,4,3,1
"2500",88,4,3,3
"2501",88,7,4,1
"2502",88,1,4,1
"2503",88,1,4,2
"2504",88,4,3,4
"2505",88,2,3,2
"2506",88,4,3,4
"2507",88,2,3,1
"2508",88,2,4,2
"2509",88,5,3,2
"2510",88,4,3,1
"2511",88,2,4,2
"2512",88,4,2,2
"2513",88,6,3,1
"2514",88,2,5,2
"2515",88,1,2,2
"2516",88,1,4,2
"2517",88,1,5,1
"2518",88,1,4,2
"2519",88,4,4,1
"2520",88,7,3,1
"2521",88,4,2,2
"2522",88,4,4,2
"2523",88,4,5,1
"2524",88,1,5,3
"2525",88,4,3,2
"2526",88,7,4,1
"2527",88,1,5,9
"2528",88,2,4,2
"2529",88,5,4,1
"2530",88,7,4,1
"2531",88,2,2,1
"2532",88,7,3,1
"2533",88,1,1,2
"2534",88,1,4,2
"2535",88,7,1,1
"2536",88,1,3,2
"2537",88,3,3,4
"2538",88,6,2,3
"2539",88,7,5,4
"2540",88,7,3,1
"2541",88,7,1,4
"2542",88,4,2,4
"2543",88,2,4,3
"2544",88,4,3,2
"2545",88,1,5,2
"2546",88,4,3,1
"2547",88,4,3,2
"2548",88,1,1,2
"2549",88,6,2,1
"2550",88,3,5,2
"2551",88,2,2,1
"2552",88,4,3,4
"2553",88,3,3,2
"2554",88,3,3,1
"2555",88,2,4,1
"2556",88,4,5,1
"2557",88,1,4,2
"2558",88,2,2,1
"2559",88,4,4,1
"2560",88,1,1,1
"2561",88,4,4,2
"2562",88,1,4,2
"2563",88,1,2,2
"2564",88,1,1,2
"2565",88,5,2,1
"2566",88,2,5,2
"2567",88,4,3,1
"2568",88,4,3,2
"2569",88,2,5,1
"2570",88,1,1,2
"2571",88,2,3,1
"2572",88,4,3,2
"2573",88,5,5,2
"2574",88,7,4,2
"2575",88,5,3,4
"2576",88,2,2,2
"2577",88,6,2,2
"2578",88,1,5,2
"2579",88,4,3,2
"2580",88,3,3,2
"2581",88,4,2,1
"2582",88,4,4,2
"2583",88,7,3,1
"2584",88,2,5,1
"2585",88,4,4,2
"2586",88,2,2,3
"2587",88,2,3,1
"2588",88,7,4,1
"2589",88,3,3,2
"2590",88,7,4,1
"2591",88,2,4,2
"2592",88,3,3,2
"2593",88,1,3,2
"2594",88,6,4,1
"2595",88,2,3,1
"2596",88,1,2,3
"2597",88,1,3,3
"2598",88,1,5,1
"2599",88,4,1,1
"2600",88,4,3,4
"2601",88,7,4,1
"2602",88,3,3,2
"2603",88,5,3,2
"2604",88,2,2,2
"2605",88,3,4,2
"2606",88,2,4,2
"2607",88,2,4,1
"2608",88,1,5,1
"2609",88,3,4,1
"2610",88,5,5,1
"2611",88,7,1,1
"2612",88,1,3,3
"2613",88,6,4,2
"2614",88,1,3,2
"2615",88,2,4,1
"2616",88,1,4,2
"2617",88,7,3,2
"2618",88,2,3,2
"2619",88,4,3,3
"2620",88,7,3,1
"2621",88,4,4,1
"2622",88,2,3,1
"2623",88,4,3,4
"2624",88,3,3,1
"2625",88,1,5,2
"2626",88,4,3,2
"2627",88,7,1,1
"2628",88,6,2,2
"2629",88,2,5,2
"2630",88,1,3,1
"2631",88,7,3,1
"2632",88,1,3,2
"2633",88,1,5,1
"2634",88,2,4,2
"2635",88,1,4,2
"2636",88,2,3,1
"2637",88,1,3,3
"2638",88,4,3,2
"2639",88,4,3,4
"2640",88,1,4,2
"2641",88,3,3,1
"2642",88,4,4,4
"2643",88,1,2,2
"2644",88,2,3,2
"2645",88,7,3,1
"2646",88,7,4,1
"2647",88,7,5,2
"2648",88,3,1,1
"2649",88,4,3,2
"2650",88,7,3,1
"2651",88,4,3,2
"2652",88,2,4,1
"2653",88,4,5,3
"2654",88,7,3,1
"2655",88,4,4,1
"2656",88,1,4,2
"2657",88,2,4,3
"2658",88,1,4,2
"2659",88,7,4,1
"2660",88,1,5,3
"2661",88,4,2,3
"2662",88,1,3,1
"2663",88,7,4,1
"2664",88,5,3,1
"2665",88,2,3,2
"2666",88,1,4,1
"2667",88,7,3,1
"2668",88,7,3,1
"2669",88,4,4,3
"2670",88,6,3,3
"2671",88,4,5,1
"2672",88,2,3,2
"2673",88,1,5,1
"2674",88,7,2,2
"2675",88,5,3,1
"2676",88,1,5,2
"2677",88,5,3,1
"2678",88,4,4,1
"2679",88,7,3,1
"2680",88,7,3,1
"2681",88,2,3,1
"2682",88,4,3,1
"2683",88,6,3,1
"2684",88,7,3,1
"2685",88,1,5,2
"2686",88,1,5,4
"2687",88,4,3,1
"2688",88,7,2,1
"2689",88,1,3,2
"2690",88,7,1,1
"2691",88,2,4,2
"2692",88,4,3,4
"2693",88,6,3,1
"2694",88,7,3,4
"2695",88,3,2,3
"2696",88,4,1,4
"2697",88,1,3,2
"2698",88,7,1,1
"2699",88,3,3,1
"2700",88,3,3,1
"2701",88,3,4,1
"2702",88,2,4,1
"2703",88,1,1,2
"2704",88,1,1,2
"2705",88,1,4,2
"2706",88,5,3,1
"2707",88,3,4,1
"2708",88,5,2,1
"2709",88,7,3,2
"2710",88,6,4,3
"2711",88,2,4,2
"2712",88,2,3,3
"2713",88,4,4,2
"2714",88,1,5,1
"2715",88,3,3,1
"2716",88,6,3,1
"2717",88,1,5,2
"2718",88,2,4,2
"2719",88,2,4,2
"2720",88,1,4,1
"2721",88,7,5,1
"2722",88,1,3,2
"2723",88,5,4,2
"2724",88,1,4,1
"2725",88,5,3,4
"2726",88,2,3,1
"2727",88,2,3,1
"2728",88,1,3,2
"2729",88,3,5,1
"2730",88,4,3,1
"2731",88,5,3,2
"2732",88,5,3,1
"2733",88,4,2,1
"2734",88,4,4,2
"2735",88,3,4,2
"2736",88,2,4,1
"2737",88,5,3,1
"2738",88,1,1,2
"2739",88,6,3,1
"2740",88,3,3,1
"2741",88,2,4,2
"2742",88,2,5,1
"2743",88,7,3,1
"2744",88,1,4,2
"2745",88,2,4,2
"2746",88,1,5,2
"2747",88,3,2,2
"2748",88,1,3,3
"2749",88,4,3,2
"2750",88,5,4,1
"2751",88,4,1,1
"2752",88,4,3,2
"2753",88,2,4,2
"2754",88,1,4,2
"2755",88,1,5,1
"2756",88,1,3,2
"2757",88,2,3,2
"2758",88,7,3,2
"2759",88,1,3,2
"2760",88,1,2,2
"2761",88,1,2,2
"2762",88,1,5,1
"2763",88,4,4,2
"2764",88,1,4,2
"2765",88,2,3,4
"2766",88,1,3,2
"2767",88,2,4,2
"2768",88,1,5,2
"2769",88,1,4,2
"2770",88,7,2,1
"2771",88,7,2,2
"2772",88,1,5,2
"2773",88,3,4,2
"2774",88,3,4,2
"2775",88,1,5,2
"2776",88,7,1,1
"2777",88,3,3,2
"2778",88,2,3,2
"2779",88,6,2,1
"2780",88,3,3,3
"2781",88,6,4,1
"2782",88,2,3,1
"2783",88,4,3,4
"2784",88,1,4,2
"2785",88,1,5,2
"2786",88,4,4,1
"2787",88,3,3,4
"2788",88,1,4,1
"2789",88,2,4,2
"2790",88,4,3,2
"2791",88,7,4,2
"2792",88,2,4,1
"2793",88,2,2,2
"2794",88,3,3,2
"2795",88,1,1,1
"2796",88,3,3,2
"2797",88,1,4,3
"2798",88,4,3,4
"2799",88,1,3,3
"2800",88,1,5,2
"2801",88,3,1,2
"2802",88,3,1,2
"2803",88,1,3,2
"2804",88,2,2,1
"2805",88,1,3,2
"2806",88,2,3,1
"2807",88,1,4,3
"2808",88,1,3,2
"2809",88,7,5,1
"2810",88,3,3,2
"2811",88,3,5,2
"2812",88,1,3,2
"2813",88,1,4,2
"2814",88,3,3,3
"2815",88,2,4,1
"2816",88,2,4,2
"2817",88,3,4,1
"2818",88,1,4,1
"2819",88,2,5,1
"2820",88,4,3,1
"2821",88,1,2,2
"2822",88,7,1,1
"2823",88,1,5,2
"2824",88,1,4,2
"2825",88,1,2,3
"2826",88,2,4,4
"2827",88,1,4,1
"2828",88,4,3,4
"2829",88,7,4,1
"2830",88,7,1,1
"2831",88,7,3,1
"2832",88,5,4,2
"2833",88,4,3,1
"2834",88,2,1,2
"2835",88,1,4,2
"2836",88,3,3,3
"2837",88,3,3,2
"2838",88,7,3,1
"2839",88,1,4,3
"2840",88,1,5,1
"2841",88,7,4,1
"2842",88,4,5,3
"2843",88,1,5,2
"2844",88,1,1,3
"2845",88,1,3,2
"2846",88,4,3,3
"2847",88,3,3,1
"2848",88,4,4,4
"2849",88,7,2,1
"2850",88,3,2,1
"2851",88,2,4,1
"2852",88,7,2,1
"2853",88,4,3,4
"2854",88,1,3,1
"2855",88,7,1,1
"2856",88,2,3,2
"2857",88,7,3,1
"2858",88,2,4,2
"2859",88,4,4,4
"2860",88,1,4,2
"2861",88,1,3,2
"2862",88,2,4,2
"2863",88,1,5,1
"2864",88,3,4,4
"2865",88,7,3,4
"2866",88,5,2,2
"2867",88,2,3,2
"2868",88,2,4,2
"2869",88,5,2,1
"2870",88,7,3,1
"2871",88,1,2,2
"2872",88,3,1,2
"2873",88,6,4,1
"2874",88,4,5,1
"2875",88,1,4,1
"2876",88,7,3,1
"2877",88,2,3,1
"2878",88,2,3,2
"2879",88,4,4,2
"2880",88,1,2,3
"2881",88,2,4,2
"2882",88,4,3,2
"2883",88,1,5,1
"2884",88,4,2,1
"2885",88,7,2,1
"2886",88,1,4,2
"2887",88,1,4,2
"2888",88,1,4,2
"2889",88,1,3,2
"2890",88,1,4,2
"2891",88,4,3,4
"2892",88,1,5,3
"2893",88,3,4,1
"2894",88,4,3,1
"2895",88,4,3,4
"2896",88,7,4,1
"2897",88,1,4,2
"2898",88,2,3,2
"2899",88,7,3,2
"2900",88,4,4,2
"2901",88,7,5,1
"2902",88,2,4,1
"2903",88,2,4,1
"2904",88,1,4,2
"2905",88,1,3,2
"2906",88,3,4,2
"2907",88,3,3,1
"2908",88,2,3,2
"2909",88,1,3,1
"2910",88,3,3,1
"2911",88,4,2,1
"2912",88,1,2,2
"2913",88,7,4,1
"2914",88,1,2,2
"2915",88,7,1,4
"2916",88,4,3,4
"2917",88,4,3,2
"2918",88,1,4,1
"2919",88,3,3,1
"2920",88,3,4,1
"2921",88,1,5,2
"2922",88,3,3,4
"2923",88,1,4,2
"2924",88,5,3,1
"2925",88,2,4,2
"2926",88,3,3,2
"2927",88,2,4,1
"2928",88,1,3,1
"2929",88,3,3,2
"2930",88,2,2,2
"2931",88,1,5,1
"2932",88,3,4,1
"2933",88,6,4,1
"2934",88,3,4,3
"2935",88,1,4,2
"2936",88,1,4,2
"2937",88,1,2,2
"2938",88,1,4,2
"2939",88,7,5,1
"2940",88,7,2,1
"2941",88,7,1,2
"2942",88,7,3,1
"2943",88,2,3,2
"2944",88,1,3,2
"2945",88,2,4,1
"2946",88,7,4,1
"2947",88,7,3,2
"2948",88,4,3,2
"2949",88,2,4,1
"2950",88,1,4,2
"2951",88,4,3,4
"2952",88,4,4,1
"2953",88,2,4,2
"2954",88,1,5,2
"2955",88,1,4,2
"2956",88,1,4,2
"2957",88,1,2,2
"2958",88,3,3,3
"2959",88,1,4,2
"2960",88,6,2,4
"2961",88,1,3,2
"2962",88,1,3,1
"2963",88,3,2,1
"2964",88,3,5,4
"2965",88,5,2,1
"2966",88,5,4,2
"2967",88,4,4,2
"2968",88,1,5,2
"2969",88,2,2,4
"2970",88,1,3,1
"2971",88,1,4,2
"2972",88,4,3,3
"2973",88,1,5,1
"2974",88,4,3,2
"2975",88,7,2,1
"2976",88,2,4,2
"2977",88,3,4,4
"2978",88,3,4,2
"2979",88,2,4,2
"2980",88,1,3,4
"2981",88,1,4,1
"2982",88,1,5,2
"2983",88,7,3,1
"2984",88,4,1,2
"2985",88,7,3,1
"2986",88,1,4,2
"2987",88,7,1,1
"2988",88,7,4,1
"2989",88,1,3,1
"2990",88,2,3,2
"2991",88,5,2,3
"2992",88,2,4,2
"2993",88,7,3,1
"2994",88,7,3,1
"2995",88,2,4,2
"2996",88,2,3,2
"2997",88,3,4,1
"2998",88,5,3,1
"2999",88,1,4,2
"3000",88,5,4,2
"3001",88,1,1,2
"3002",88,1,4,2
"3003",88,1,3,2
"3004",88,1,5,1
"3005",88,2,4,1
"3006",88,2,2,2
"3007",88,2,2,2
"3008",88,6,3,1
"3009",88,3,3,1
"3010",88,4,4,3
"3011",88,1,5,2
"3012",88,6,1,1
"3013",88,1,4,2
"3014",88,2,4,2
"3015",88,1,4,2
"3016",88,4,5,2
"3017",88,4,4,2
"3018",88,4,3,3
"3019",88,2,5,3
"3020",88,2,4,1
"3021",88,1,4,3
"3022",88,6,1,1
"3023",88,4,5,1
"3024",88,1,5,1
"3025",88,3,4,4
"3026",88,1,3,2
"3027",88,1,2,2
"3028",88,2,5,2
"3029",88,1,4,3
"3030",88,6,3,2
"3031",88,3,3,1
"3032",88,1,4,2
"3033",88,1,5,2
"3034",88,2,3,2
"3035",88,7,4,1
"3036",88,2,3,1
"3037",88,1,5,2
"3038",88,5,1,3
"3039",88,3,3,2
"3040",88,6,4,1
"3041",88,1,4,2
"3042",88,7,4,2
"3043",88,1,3,2
"3044",88,2,2,4
"3045",88,4,4,2
"3046",88,1,3,1
"3047",88,2,4,2
"3048",88,4,2,2
"3049",88,4,4,2
"3050",88,4,2,1
"3051",88,1,3,3
"3052",88,1,4,1
"3053",88,2,3,2
"3054",88,7,1,4
"3055",88,7,1,2
"3056",88,3,2,2
"3057",88,7,4,1
"3058",88,1,5,1
"3059",88,2,4,1
"3060",88,4,5,1
"3061",88,7,3,1
"3062",88,2,4,2
"3063",88,4,2,4
"3064",88,1,5,1
"3065",88,1,5,1
"3066",88,4,3,4
"3067",88,2,3,2
"3068",88,1,5,1
"3069",88,3,4,1
"3070",88,6,2,4
"3071",88,2,4,1
"3072",88,1,4,2
"3073",88,6,3,1
"3074",88,1,5,1
"3075",88,7,1,3
"3076",88,2,4,2
"3077",88,1,4,3
"3078",88,2,3,1
"3079",88,7,3,1
"3080",88,4,3,2
